STUDY_KEY	Trait	Ancestry	n	GWAS_dir_url	gcst_id	lead_snps	pubmed_id	pct_not_finemapped	lead_snp_positions	study_id	log_file
(36327221, 'Severe COVID-19 or systemic lupus erythematosus', '6,956 European ancestry severe COVID-19 cases, 1,823 severe COVID-19 cases, 9,302 European ancestry SLE cases, 1,024,729 European ancestry controls, 328,311 controls')	Severe COVID-19 or systemic lupus erythematosus	EUR	1371159	http://ftp.ebi.ac.uk/pub/databases/gwas/summary_statistics/GCST90243001-GCST90244000/GCST90243962	GCST90243962	rs7960611,rs10460393,rs2431697,rs4792891,rs5022165,rs3024897,rs35605052,rs7970893	36327221	0.625	12:10077817,2:197683582,5:160452971,17:45896132,1:67322669,2:191031838,3:45875056,12:112952874	study001	results/GCST90243962/GCST90243962.log
"(40883272, ""Hodgkin's lymphoma"", '2,113 European ancestry cases, 1,106,048 European ancestry controls')"	Hodgkin's lymphoma	EUR	1108161	http://ftp.ebi.ac.uk/pub/databases/gwas/summary_statistics/GCST90624001-GCST90625000/GCST90624742	GCST90624742	rs146965926,rs13255292	40883272	0.5	6:94261032,8:128064327	study002	results/GCST90624742/GCST90624742.log
(41213931, 'Chronic rhinosinusitis without nasal polyposis', '15,448 European ancestry cases, 685,602 European ancestry controls')	Chronic rhinosinusitis without nasal polyposis	EUR	701050	http://ftp.ebi.ac.uk/pub/databases/gwas/summary_statistics/GCST90652001-GCST90653000/GCST90652532	GCST90652532	rs79411074,rs928413,rs10739647,rs2079672	41213931	0.5	5:111106674,9:6213387,9:124305084,16:89818509	study003	results/GCST90652532/GCST90652532.log
(40883272, 'Follicular lymphoma', '1,727 European ancestry cases, 656,255 European ancestry controls')	Follicular lymphoma	EUR	657982	http://ftp.ebi.ac.uk/pub/databases/gwas/summary_statistics/GCST90624001-GCST90625000/GCST90624741	GCST90624741	rs12497690,rs4459895,rs62405954,rs12154137,rs2690093,rs74488719,rs142239370,rs140083693	40883272	0.5	3:27753906,3:188236626,6:33557043,6:27577904,6:25344759,6:26255921,10:70623113,11:118735970	study004	results/GCST90624741/GCST90624741.log
(34012112, 'Type 1 diabetes', '18,942 European ancestry cases, 501,638 European ancestry controls')	Type 1 diabetes	EUR	520580	http://ftp.ebi.ac.uk/pub/databases/gwas/summary_statistics/GCST90014001-GCST90015000/GCST90014023	GCST90014023	rs7301381,rs238265,rs4238595,rs8046043,rs61759532,rs11651753,rs57209021,rs74203920,rs10751776,rs574384,rs12742756,rs855330,rs1493696,rs570794153,rs12128789,rs12464462,rs13018977,rs12644686,rs114378220,rs766751473,rs1050979,rs7805218,rs7795896,rs1947178,rs13259300,rs3802214,rs541856133,rs537544,rs78325861,rs140215710,rs7936434,rs607703	34012112	0.5625	12:8971336,13:42356523,16:20331769,16:80250127,17:7337072,17:47951723,17:68168777,21:44294411,1:24970252,1:35622060,1:37881745,1:63648218,1:119962909,1:198629260,1:212679490,2:60409281,2:241338592,4:184381748,5:111230662,5:132431072,6:410417,7:20339178,7:117446559,8:58959618,8:119070702,8:140606084,9:133060938,10:8066419,10:70618733,11:2881830,11:76582761,11:128734279	study005	results/GCST90014023/GCST90014023.log
(40021644, 'Psoriasis', '36,466 European ancestry cases, 458,078 European ancestry controls')	Psoriasis	EUR	494544	http://ftp.ebi.ac.uk/pub/databases/gwas/summary_statistics/GCST90472001-GCST90473000/GCST90472771	GCST90472771	rs6489711,rs75826800,rs2836747,rs4728141,rs61839660,rs4750517,rs11187128,rs74688172,rs79611018,chr19:936353,rs62196011,rs13137072,rs79376089,rs7828306,rs4242369,rs77247401,rs78088488,rs34190690,rs10737548,rs12046909,rs56007024,rs13029175,rs535047131,rs6760912,rs9858861,rs12634152,rs16864449,rs34515026,rs12654176,rs78233367,rs117744081,rs7108441,rs2212434,rs7110845,rs10849557,rs3825765,rs12912487,rs7171410,rs139021596,rs79657645,rs8107351,rs6067808,rs917864,rs165687,chr22:37259605,rs740271,rs35008063	40021644	0.5957446808510638	12:6359137,19:33383448,21:38910632,7:128926978,10:6052734,10:6478496,10:92669951,11:36409108,12:94150744,19:936353,2:238098922,4:122618699,8:60929420,8:80386408,8:125427164,8:128548971,1:11987312,1:33090678,1:161523755,1:168538225,2:24846858,2:110871548,2:197669377,2:233202298,3:156824848,3:188403231,3:189502796,3:196622363,5:56762660,7:17125812,7:29092663,11:36330231,11:76570549,11:120305040,12:792365,14:105066475,15:69740455,15:85130465,17:4655987,19:4328758,19:18501948,20:51525985,22:17085042,22:20512978,22:37259605,2:101983621,2:230291769	study006	results/GCST90472771/GCST90472771.log
(39024449, 'Systemic lupus erythematosus (PheCode 695.42)', '1,013 European ancestry cases, 449,940 European ancestry controls')	Systemic lupus erythematosus (PheCode 695.42)	EUR	450953	http://ftp.ebi.ac.uk/pub/databases/gwas/summary_statistics/GCST90476001-GCST90477000/GCST90476183	GCST90476183	chr7:128585616	39024449	1.0	7:128585616	study007	results/GCST90476183/GCST90476183.log
(39024449, 'Type 1 diabetes with ketoacidosis (PheCode 250.11)', '530 European ancestry cases, 450,407 European ancestry controls')	Type 1 diabetes with ketoacidosis (PheCode 250.11)	EUR	450937	http://ftp.ebi.ac.uk/pub/databases/gwas/summary_statistics/GCST90475001-GCST90476000/GCST90475662	GCST90475662	chr11:2184848,rs6679677	39024449	0.5	11:2184848,1:113761186	study008	results/GCST90475662/GCST90475662.log
"(39024449, ""Graves' disease (PheCode 242.1)"", '1,672 European ancestry cases, 448,997 European ancestry controls')"	Graves' disease (PheCode 242.1)	EUR	450669	http://ftp.ebi.ac.uk/pub/databases/gwas/summary_statistics/GCST90475001-GCST90476000/GCST90475644	GCST90475644	rs3087243,chr14:81457257	39024449	0.5	2:203874196,14:81457257	study009	results/GCST90475644/GCST90475644.log
(39024449, 'Psoriatic arthropathy (PheCode 696.42)', '3,087 European ancestry cases, 447,533 European ancestry controls')	Psoriatic arthropathy (PheCode 696.42)	EUR	450620	http://ftp.ebi.ac.uk/pub/databases/gwas/summary_statistics/GCST90476001-GCST90477000/GCST90476191	GCST90476191	rs200868187,rs28998802,rs918520,chr5:150464017,rs11085727,rs33980500	39024449	0.5	6:17602639,17:27797882,5:159399302,5:150464017,19:10355447,6:111592059	study010	results/GCST90476191/GCST90476191.log
(39024449, 'Viral hepatitis C (PheCode 70.3)', '19,171 European ancestry cases, 428,932 European ancestry controls')	Viral hepatitis C (PheCode 70.3)	EUR	448103	http://ftp.ebi.ac.uk/pub/databases/gwas/summary_statistics/GCST90475001-GCST90476000/GCST90475553	GCST90475553	chr11:112851068,chr19:39730301	39024449	1.0	11:112851068,19:39730301	study011	results/GCST90475553/GCST90475553.log
(39024449, 'Type 1 diabetes with neurological manifestations (PheCode 250.14)', '3,812 European ancestry cases, 443,756 European ancestry controls')	Type 1 diabetes with neurological manifestations (PheCode 250.14)	EUR	447568	http://ftp.ebi.ac.uk/pub/databases/gwas/summary_statistics/GCST90475001-GCST90476000/GCST90475664	GCST90475664	chr11:2181060	39024449	1.0	11:2181060	study012	results/GCST90475664/GCST90475664.log
(39024449, 'Ulcerative colitis', '5,229 European ancestry cases, 442,102 European ancestry controls')	Ulcerative colitis	EUR	447331	http://ftp.ebi.ac.uk/pub/databases/gwas/summary_statistics/GCST90476001-GCST90477000/GCST90476067	GCST90476067	chr1:67722919,rs10800314,rs1887428,chr1:20227723	39024449	0.5	1:67722919,1:161502999,9:4984530,1:20227723	study013	results/GCST90476067/GCST90476067.log
(39024449, 'Psoriasis vulgaris (PheCode 696.41)', '15,635 European ancestry cases, 429,252 European ancestry controls')	Psoriasis vulgaris (PheCode 696.41)	EUR	444887	http://ftp.ebi.ac.uk/pub/databases/gwas/summary_statistics/GCST90476001-GCST90477000/GCST90476190	GCST90476190	chr17:78176578,rs111580405,rs11213255,rs11581607,rs12883343,rs146571698,rs200868187,rs2111485,rs28998802,rs33980500,rs34536443,rs528075,rs559406,rs61839660,rs664157,rs6672420,rs6905175,chr2:61091950,chr4:123533142,chr3:101616982,chr5:131969279,chr5:158826357,chr6:28259434,chr6:33496513,chr6:138189884,chr6:159506600,chr9:32524064,chr10:75636148,chr11:36432830,chr11:64110683,chr11:128191854,chr14:68754417,chr16:11354497	39024449	0.696969696969697	17:78176578,12:56345773,11:110084835,1:67242007,14:35383268,5:151092317,6:17602639,2:162254026,17:27797882,6:111592059,19:10352442,20:49895107,18:12857003,10:6052734,18:54266344,1:24964519,6:105816294,2:61091950,4:123533142,3:101616982,5:131969279,5:158826357,6:28259434,6:33496513,6:138189884,6:159506600,9:32524064,10:75636148,11:36432830,11:64110683,11:128191854,14:68754417,16:11354497	study014	results/GCST90476190/GCST90476190.log
(39024449, 'Psoriasis (PheCode 696.4)', '16,283 European ancestry cases, 428,468 European ancestry controls')	Psoriasis (PheCode 696.4)	EUR	444751	http://ftp.ebi.ac.uk/pub/databases/gwas/summary_statistics/GCST90476001-GCST90477000/GCST90476187	GCST90476187	rs34536443,rs528075,rs559406,rs61839660,rs664157,rs146571698,rs654690,rs6905175,rs28998802,chr1:25289734,chr2:61091950,chr3:101616982,chr4:123533142,chr5:131969279,chr5:158826357,chr6:28259434,chr6:33496513,chr6:138189884,chr9:32524064,chr10:75636148,chr11:36432830,chr11:64110683,chr11:128191854,chr12:56697110,chr14:68754417,chr16:11358018,chr17:78178189,rs11213255,rs11581607,rs12883343,rs200868187,rs2111485,rs33980500	39024449	0.7272727272727273	19:10352442,20:49895107,18:12857003,10:6052734,18:54266344,5:151092317,6:159093746,6:105816294,17:27797882,1:25289734,2:61091950,3:101616982,4:123533142,5:131969279,5:158826357,6:28259434,6:33496513,6:138189884,9:32524064,10:75636148,11:36432830,11:64110683,11:128191854,12:56697110,14:68754417,16:11358018,17:78178189,11:110084835,1:67242007,14:35383268,6:17602639,2:162254026,6:111592059	study015	results/GCST90476187/GCST90476187.log
(39024449, 'Psoriasis and related disorder (PheCode 696)', '16,702 European ancestry cases, 427,092 European ancestry controls')	Psoriasis and related disorder (PheCode 696)	EUR	443794	http://ftp.ebi.ac.uk/pub/databases/gwas/summary_statistics/GCST90476001-GCST90477000/GCST90476186	GCST90476186	rs146571698,chr6:33496513,chr6:138189884,chr9:32524064,chr11:36432830,chr11:64110683,chr11:128191854,chr12:56697110,chr14:68754417,chr16:11358018,chr17:78178189,chr20:48523628,rs11213255,rs11581607,rs12883343,rs200868187,rs2111485,rs2250140,rs28998802,rs33980500,rs559406,rs61839660,rs654690,rs664157,rs6905175,rs34536443,chr1:25289734,chr2:61091950,chr3:101616982,chr4:123533142,chr5:131991656,chr5:158826357,chr6:28259434	39024449	0.696969696969697	5:151092317,6:33496513,6:138189884,9:32524064,11:36432830,11:64110683,11:128191854,12:56697110,14:68754417,16:11358018,17:78178189,20:48523628,11:110084835,1:67242007,14:35383268,6:17602639,2:162254026,10:73853123,17:27797882,6:111592059,18:12857003,10:6052734,6:159093746,18:54266344,6:105816294,19:10352442,1:25289734,2:61091950,3:101616982,4:123533142,5:131991656,5:158826357,6:28259434	study016	results/GCST90476186/GCST90476186.log
(39024449, 'Type 1 diabetes (PheCode 250.1)', '16,971 European ancestry cases, 418,767 European ancestry controls')	Type 1 diabetes (PheCode 250.1)	EUR	435738	http://ftp.ebi.ac.uk/pub/databases/gwas/summary_statistics/GCST90475001-GCST90476000/GCST90475661	GCST90475661	chr2:227163876,chr3:185524081,chr4:6304344,chr8:116525324,chr13:80677902,rs10811661,rs1421085,rs6679677,rs74770208,rs7903146	39024449	0.6	2:227163876,3:185524081,4:6304344,8:116525324,13:80677902,9:22134095,16:53767042,1:113761186,6:33624517,10:112998590	study017	results/GCST90475661/GCST90475661.log
(39024449, 'Asthma', '36,823 European ancestry cases, 398,278 European ancestry controls')	Asthma	EUR	435101	http://ftp.ebi.ac.uk/pub/databases/gwas/summary_statistics/GCST90476001-GCST90477000/GCST90476024	GCST90476024	rs17294280,rs174544,rs1837253,rs2706372,rs34290285,rs7936070,chr11:1110395,chr15:61049243,chr2:102939036,chr2:111876613,chr5:147836609,chr9:6213468,chr10:9057422,chr12:56381484,chr16:11229128,chr17:37960017,rs13107325	39024449	0.5882352941176471	15:67175947,11:61800281,5:111066174,5:132599785,2:241759225,11:76582483,11:1110395,15:61049243,2:102939036,2:111876613,5:147836609,9:6213468,10:9057422,12:56381484,16:11229128,17:37960017,4:102267552	study018	results/GCST90476024/GCST90476024.log
(37081098, 'COVID-19 vaccination', '45,202 European ancestry cases, 374,178 European ancestry controls')	COVID-19 vaccination	EUR	419380	http://ftp.ebi.ac.uk/pub/databases/gwas/summary_statistics/GCST90255001-GCST90256000/GCST90255613	GCST90255613	rs3748655,rs4308315,rs34811474,rs35267052,rs78797545,rs181097040,rs8004338,rs1885284	37081098	0.625	1:112674689,3:31529563,4:25407216,5:88653300,9:38081337,12:48935780,14:29004657,20:21489816	study019	results/GCST90255613/GCST90255613.log
"(32887889, ""Non-Hodgkin's lymphoma"", '2,400 European ancestry cases, 410,350 European ancestry controls')"	Non-Hodgkin's lymphoma	EUR	412750	http://ftp.ebi.ac.uk/pub/databases/gwas/summary_statistics/GCST90011001-GCST90012000/GCST90011819	GCST90011819	chr11:118662993	32887889	1.0	11:118662993	study020	results/GCST90011819/GCST90011819.log
(39024449, 'Elevated prostate specific antigen [PSA] (PheCode 796)', '54,381 European ancestry cases, 347,072 European ancestry controls')	Elevated prostate specific antigen [PSA] (PheCode 796)	EUR	401453	http://ftp.ebi.ac.uk/pub/databases/gwas/summary_statistics/GCST90476001-GCST90477000/GCST90476277	GCST90476277	chr13:74084684,chr13:81470902,chr15:66941084,chr16:4314529,chr16:16556673,chr16:54458297,chr16:77507275,chr17:12561985,chr19:38725859,rs10486567,rs11067228,rs11084596,rs112635299,rs12052250,rs12417087,rs13268,rs138213197,rs143655302,rs149142833,rs2002731,rs2836750,rs2926533,rs3105751,rs4738555,rs56011340,rs56196860,rs5759167,rs58235267,rs62113212,rs62237617,rs67868323,rs71418269,rs7255,rs971563,rs2076591,rs414965,chr11:34791162,rs6983267,rs78378222,rs7923435,rs9526673,rs2271494,chr12:53298775,rs78416326,chr1:51226608,chr1:88229627,chr1:154984363,chr2:43079363,chr2:102768294,chr3:70888070,chr3:87143018,chr3:128189391,chr3:141093285,chr4:106133184,chr4:146875180,chr4:157534926,chr5:43120098,chr5:51199372,chr5:92052005,chr5:110902568,chr6:19794585,chr6:34651306,chr6:41515224,chr6:43709703,chr6:135282225,chr7:40865696,chr8:23522851,chr10:22323646,chr10:28107414,chr10:104398895,chr10:105682344,chr10:123045212,chr11:249253,chr11:2230354,chr11:108317163,chr12:4384669,chr12:118601003,rs9987273	39024449	0.6410256410256411	13:74084684,13:81470902,15:66941084,16:4314529,16:16556673,16:54458297,16:77507275,17:12561985,19:38725859,7:27936944,12:114656455,19:31614073,14:94371805,2:172449942,11:69236512,22:45600418,17:48728343,9:107527936,20:33600336,17:37728539,21:38917243,1:204511614,6:160401643,8:56921798,15:96149512,12:2799164,22:43104206,2:63050708,19:50857584,22:28365160,19:4048563,14:22975867,2:20679060,2:60547638,1:111721652,5:1324006,11:34791162,8:127401060,17:7668434,10:46183257,13:50514102,3:113581336,12:53298775,3:170356729,1:51226608,1:88229627,1:154984363,2:43079363,2:102768294,3:70888070,3:87143018,3:128189391,3:141093285,4:106133184,4:146875180,4:157534926,5:43120098,5:51199372,5:92052005,5:110902568,6:19794585,6:34651306,6:41515224,6:43709703,6:135282225,7:40865696,8:23522851,10:22323646,10:28107414,10:104398895,10:105682344,10:123045212,11:249253,11:2230354,11:108317163,12:4384669,12:118601003,8:99374125	study021	results/GCST90476277/GCST90476277.log
(39789286, 'Coeliac disease', '394,626 European ancestry individuals')	Coeliac disease	EUR	394626	http://ftp.ebi.ac.uk/pub/databases/gwas/summary_statistics/GCST90468001-GCST90469000/GCST90468120	GCST90468120	rs10947428,rs116540964,rs12212404,rs13132308,rs13213957,rs62432712,rs6457742,rs760800568	39789286	0.5	6:33679281,6:34745495,6:27504247,4:122629959,6:25785998,6:137643560,6:33852282,6:33919106	study022	results/GCST90468120/GCST90468120.log
(39789286, 'Psoriasis', '394,626 European ancestry individuals')	Psoriasis	EUR	394626	http://ftp.ebi.ac.uk/pub/databases/gwas/summary_statistics/GCST90468001-GCST90469000/GCST90468147	GCST90468147	rs116104346,rs17781283,rs33980500,rs34536443,rs582757,rs653468,rs79489735,rs8016947,rs191369094,rs2233278,rs486373,rs918520,rs111849868	39789286	0.5384615384615384	6:27883336,6:137941636,6:111592059,19:10352442,6:137876687,6:139521426,6:126440000,14:35363460,6:33605861,5:151087628,6:23659826,5:159399302,5:159452525	study023	results/GCST90468147/GCST90468147.log
(39024449, 'Atopic/contact dermatitis due to other or unspecified (PheCode 939)', '66,194 European ancestry cases, 325,245 European ancestry controls')	Atopic/contact dermatitis due to other or unspecified (PheCode 939)	EUR	391439	http://ftp.ebi.ac.uk/pub/databases/gwas/summary_statistics/GCST90476001-GCST90477000/GCST90476289	GCST90476289	rs61839660,rs6672420,rs696734,chr2:111601478,chr6:159497597,chr11:36428447,chr17:38869490,chr18:12774326,chr22:37319589,rs10060615,rs12123821	39024449	0.5454545454545454	10:6052734,1:24964519,5:35928406,2:111601478,6:159497597,11:36428447,17:38869490,18:12774326,22:37319589,5:132373185,1:152206676	study024	results/GCST90476289/GCST90476289.log
(39024449, 'Biological Sibling: Asthma', '18,209 European ancestry cases, 297,459 European ancestry controls')	Biological Sibling: Asthma	EUR	315668	http://ftp.ebi.ac.uk/pub/databases/gwas/summary_statistics/GCST90476001-GCST90477000/GCST90476372	GCST90476372	chr2:102958549,chr17:37921742	39024449	1.0	2:102958549,17:37921742	study025	results/GCST90476372/GCST90476372.log
(39024449, 'Takes medication for asthma?', '18,629 European ancestry cases, 297,039 European ancestry controls')	Takes medication for asthma?	EUR	315668	http://ftp.ebi.ac.uk/pub/databases/gwas/summary_statistics/GCST90475001-GCST90476000/GCST90475260	GCST90475260	chr2:100422020,chr5:131968609,chr9:6210099,chr10:9057245,rs7931483,rs1420104	39024449	0.6666666666666666	2:100422020,5:131968609,9:6210099,10:9057245,11:76591023,2:102332010	study026	results/GCST90475260/GCST90475260.log
(39024449, 'Skin condition (ex. Eczema, Psoriasis)', '32,976 European ancestry cases, 282,692 European ancestry controls')	Skin condition (ex. Eczema, Psoriasis)	EUR	315668	http://ftp.ebi.ac.uk/pub/databases/gwas/summary_statistics/GCST90475001-GCST90476000/GCST90475274	GCST90475274	chr5:35874575,chr17:78178893,rs12188300,rs200868187,rs61839660	39024449	0.6	5:35874575,17:78178893,5:159402519,6:17602639,10:6052734	study027	results/GCST90475274/GCST90475274.log
"(39024449, ""Crohn's disease"", '2,256 European ancestry cases, 313,412 European ancestry controls')"	Crohn's disease	EUR	315668	http://ftp.ebi.ac.uk/pub/databases/gwas/summary_statistics/GCST90475001-GCST90476000/GCST90475318	GCST90475318	rs1891664	39024449	1.0	1:67218354	study028	results/GCST90475318/GCST90475318.log
(41249154, 'Response to COVID-19 vaccine (immunogenicity)', '70,490 European ancestry antibody-positive individuals, 110,090 European ancestry antibody-negative individuals')	Response to COVID-19 vaccine (immunogenicity)	EUR	180580	http://ftp.ebi.ac.uk/pub/databases/gwas/summary_statistics/GCST90572001-GCST90573000/GCST90572755	GCST90572755	rs67625077	41249154	1.0	14:106715436	study029	results/GCST90572755/GCST90572755.log
(34594039, 'Polymyositis', '58 East Asian ancestry cases, 175,599 East Asian ancestry controls')	Polymyositis	EAS	175657	http://ftp.ebi.ac.uk/pub/databases/gwas/summary_statistics/GCST90018001-GCST90019000/GCST90018671	GCST90018671	rs577482058	34594039	1.0	11:68429137	study030	results/GCST90018671/GCST90018671.log
(34594039, 'Pollinosis', '18,593 East Asian ancestry cases, 153,666 East Asian ancestry controls')	Pollinosis	EAS	172259	http://ftp.ebi.ac.uk/pub/databases/gwas/summary_statistics/GCST90018001-GCST90019000/GCST90018683	GCST90018683	rs3213749,rs10519067	34594039	0.5	2:70831775,15:60776148	study031	results/GCST90018683/GCST90018683.log
(34594039, 'Atopic dermatitis', '4,296 East Asian ancestry cases, 163,807 East Asian ancestry controls')	Atopic dermatitis	EAS	168103	http://ftp.ebi.ac.uk/pub/databases/gwas/summary_statistics/GCST90018001-GCST90019000/GCST90018564	GCST90018564	rs187068709,rs397776771,rs1666723,rs62192898,rs6723629,rs12630906,rs6780220,rs80199341,rs1295685,rs438694,rs34455012,rs59039403,rs2259735,rs6010620	34594039	0.5714285714285714	1:152228911,2:102426432,2:111543096,2:233205597,2:70840723,3:112681250,3:33045708,4:86939362,5:132660753,10:62724921,11:76588801,11:7960885,20:54171775,20:63678486	study032	results/GCST90018564/GCST90018564.log
(34594039, 'Type 1 diabetes', '1,219 East Asian ancestry cases, 132,032 East Asian ancestry controls')	Type 1 diabetes	EAS	133251	http://ftp.ebi.ac.uk/pub/databases/gwas/summary_statistics/GCST90018001-GCST90019000/GCST90018705	GCST90018705	rs3757787,rs2237897	34594039	0.5	7:127618330,11:2837316	study033	results/GCST90018705/GCST90018705.log
(38181733, 'Anti-SARS-CoV-2 spike protein IgG seronegativity after first dose of COVID-19 vaccine', '37,229 European ancestry cases, 16,837 European ancestry controls')	Anti-SARS-CoV-2 spike protein IgG seronegativity after first dose of COVID-19 vaccine	EUR	54066	http://ftp.ebi.ac.uk/pub/databases/gwas/summary_statistics/GCST90295001-GCST90296000/GCST90295945	GCST90295945	rs751350030,rs1131543	38181733	0.5	13:44367675,16:28986676	study034	results/GCST90295945/GCST90295945.log
(35074870, 'Late-onset myasthenia gravis', '1,278 European ancestry cases, 33,652 European ancestry controls')	Late-onset myasthenia gravis	EUR	42294	http://ftp.ebi.ac.uk/pub/databases/gwas/summary_statistics/GCST90093001-GCST90094000/GCST90093466	GCST90093466	rs35274388,rs4369774	35074870	1.0	2:174764492,18:62343215	study035	results/GCST90093466/GCST90093466.log
(37156999, 'Ulcerative colitis', '6,862 East Asian ancestry cases, 15,456 East Asian ancestry controls')	Ulcerative colitis	EAS	22318	http://ftp.ebi.ac.uk/pub/databases/gwas/summary_statistics/GCST90446001-GCST90447000/GCST90446795	GCST90446795	rs10799591,rs10493860,rs6671847,rs4712651,rs10974900,rs10882847,rs17085007,rs201121732,rs34372308,rs2836884	37156999	0.5	1:19878925,1:91747146,1:161509020,6:22062256,9:4987958,10:96837270,13:26957130,16:27384342,17:39732989,21:39095717	study036	results/GCST90446795/GCST90446795.log
(33830302, 'Type 1 diabetes', '7,467 European ancestry cases, 10,218 European ancestry controls')	Type 1 diabetes	EUR	17685	http://ftp.ebi.ac.uk/pub/databases/gwas/summary_statistics/GCST90000001-GCST90001000/GCST90000529	GCST90000529	rs4929965,rs72802342,rs4366464,rs78896587	33830302	0.5	11:2176056,16:75200974,11:2143569,11:2055620	study037	results/GCST90000529/GCST90000529.log
(41610418, 'Acute myeloid leukemia (all cytogenetic sub-types)', '4,710 European ancestry cases, 12,938 European ancestry controls')	Acute myeloid leukemia (all cytogenetic sub-types)	EUR	17648	http://ftp.ebi.ac.uk/pub/databases/gwas/summary_statistics/GCST90707001-GCST90708000/GCST90707271	GCST90707271	rs4665765,rs11481	41610418	0.5	2:25139646,11:68052868	study038	results/GCST90707271/GCST90707271.log
(41882355, 'Epstein-Barr virus DNA load in saliva', '16,282 European ancestry individuals')	Epstein-Barr virus DNA load in saliva	EUR	16282	http://ftp.ebi.ac.uk/pub/databases/gwas/summary_statistics/GCST90809001-GCST90810000/GCST90809806	GCST90809806	chr12:114117913	41882355	1.0	12:114117913	study039	results/GCST90809806/GCST90809806.log
(29848360, 'Systemic lupus erythematosus', '4,943 European ancestry cases, 8,483 European ancestry controls')	Systemic lupus erythematosus	EUR	13426	http://ftp.ebi.ac.uk/pub/databases/gwas/summary_statistics/GCST005001-GCST006000/GCST005831	GCST005831	rs1780813,rs150518861,rs114038709,rs36023980	29848360	0.75	1:246280780,7:74152347,17:45379362,17:75345203	study040	results/GCST005831/GCST005831.log
(41610418, 'Acute myeloid leukemia (complex karyotype)', '358 European ancestry cases, 12,938 European ancestry controls')	Acute myeloid leukemia (complex karyotype)	EUR	13296	http://ftp.ebi.ac.uk/pub/databases/gwas/summary_statistics/GCST90707001-GCST90708000/GCST90707272	GCST90707272	rs79918355,rs12988876	41610418	1.0	2:47273271,2:205157972	study041	results/GCST90707272/GCST90707272.log
(34302048, 'Type 1 diabetes with low genetic risk score', '957 European ancestry cases, 12,323 European ancestry controls')	Type 1 diabetes with low genetic risk score	EUR	13280	http://ftp.ebi.ac.uk/pub/databases/gwas/summary_statistics/GCST90000001-GCST90001000/GCST90000181	GCST90000181	chr3:27921000,chr1:182869236,chr18:21507398,chr8:20451062,chr6:46032617,chr16:51887655,chr10:60664647,chr21:41956642,chr1:102495801,chr10:120940685,chr14:21746775,chr20:4377254,chr19:36633617,chr19:36013582,chr2:217759606,chr1:221898846,chr19:37034392,chr4:105683278,chr15:46441258,chr8:76353999,chr1:78372988,chr6:8311442,chr18:69571112,chr14:96458513,chr16:61597297,chr7:117532167,chr18:58518360,chr19:47871241,chr11:78403273,chr21:44998426,chr2:25865493,chr18:58389479,chr4:24259293,chr1:63633409,chr15:74624584,chr11:33955292,chr6:28485841,chr6:28355925,chr2:117481369,chr2:60197190,chr16:73991175,chr16:9864106,chr2:62744832,chr6:33647094,chr6:25864590,chr6:26732200,chr6:25710343,chr6:26073147,chr6:26266083,chr5:81431680,chr6:25513951,chr6:27700521,chr6:26408323,chr6:27803328,chr6:26935600,chr6:26581807,chr6:27104763,chr6:27559448,chr6:27457865,chr6:27281907,chr6:27911422,chr6:28107123,chr6:28235278,chr2:135623778,chr2:135859184,chr2:135080336,chr2:135197227,chr2:135516008,chr2:135403522,chr2:135301250,chr10:131361823,chr2:135731408,chr2:135964425,chr6:127756593,chr4:137228466,chr2:134846613,chr11:68326963,chr11:18264227,chr2:41910220,chr14:22390463,chr1:151853237,chr3:64722924,chr19:31157758,rs13147255,rs857786,chr3:57041866,chr2:134585720,chr9:20324372,chr2:134688820,chr3:57295247,chr3:57269656,chr5:6893947,chr7:129944187,chr7:44959149,chr12:65543332,chr2:134947988,chr6:26835246,chr8:56693303,chr15:27596077,chr2:137009624,chr4:92954497,chr2:136221960,chr1:37812907,chr12:65324519,chr12:65644210,chr2:136066296,chr6:25371141,chr19:42174477	34302048	0.7314814814814815	3:27921000,1:182869236,18:21507398,8:20451062,6:46032617,16:51887655,10:60664647,21:41956642,1:102495801,10:120940685,14:21746775,20:4377254,19:36633617,19:36013582,2:217759606,1:221898846,19:37034392,4:105683278,15:46441258,8:76353999,1:78372988,6:8311442,18:69571112,14:96458513,16:61597297,7:117532167,18:58518360,19:47871241,11:78403273,21:44998426,2:25865493,18:58389479,4:24259293,1:63633409,15:74624584,11:33955292,6:28485841,6:28355925,2:117481369,2:60197190,16:73991175,16:9864106,2:62744832,6:33647094,6:25864590,6:26732200,6:25710343,6:26073147,6:26266083,5:81431680,6:25513951,6:27700521,6:26408323,6:27803328,6:26935600,6:26581807,6:27104763,6:27559448,6:27457865,6:27281907,6:27911422,6:28107123,6:28235278,2:135623778,2:135859184,2:135080336,2:135197227,2:135516008,2:135403522,2:135301250,10:131361823,2:135731408,2:135964425,6:127756593,4:137228466,2:134846613,11:68326963,11:18264227,2:41910220,14:22390463,1:151853237,3:64722924,19:31157758,4:124578751,1:158815304,3:57041866,2:134585720,9:20324372,2:134688820,3:57295247,3:57269656,5:6893947,7:129944187,7:44959149,12:65543332,2:134947988,6:26835246,8:56693303,15:27596077,2:137009624,4:92954497,2:136221960,1:37812907,12:65324519,12:65644210,2:136066296,6:25371141,19:42174477	study042	results/GCST90000181/GCST90000181.log
(41610418, 'Acute myeloid leukemia (deletions in chromosome 5 and/or 7)', '319 European ancestry cases, 12,938 European ancestry controls')	Acute myeloid leukemia (deletions in chromosome 5 and/or 7)	EUR	13257	http://ftp.ebi.ac.uk/pub/databases/gwas/summary_statistics/GCST90707001-GCST90708000/GCST90707273	GCST90707273	rs12078864	41610418	1.0	1:159775002	study043	results/GCST90707273/GCST90707273.log
(33536424, 'Systemic lupus erythematosus', '4,222 Han Chinese ancestry cases, 8,431 Han Chinese ancestry controls')	Systemic lupus erythematosus	EAS	12653	http://ftp.ebi.ac.uk/pub/databases/gwas/summary_statistics/GCST90011001-GCST90012000/GCST90011866	GCST90011866	rs1016140,rs11264750,rs6927090,rs9387400,rs13260060,rs7815944,rs1885889,rs405858	33536424	0.5	1:116533925,1:157527370,6:252145,6:116372957,8:70306125,8:128415272,13:99439046,19:32615715	study044	results/GCST90011866/GCST90011866.log
(41791023, 'Multiple sclerosis', '2,664 European ancestry cases, 9,967 European ancestry controls')	Multiple sclerosis	EUR	12631	http://ftp.ebi.ac.uk/pub/databases/gwas/summary_statistics/GCST90705001-GCST90706000/GCST90705066	GCST90705066	chr6:28445714	41791023	1.0	6:28445714	study045	results/GCST90705066/GCST90705066.log
(41724362, 'Type 1 diabetes', '3,483 European ancestry male cases, 6,665 European ancestry male controls')	Type 1 diabetes	EUR	10148	http://ftp.ebi.ac.uk/pub/databases/gwas/summary_statistics/GCST90633001-GCST90634000/GCST90633790	GCST90633790	chr3:108756818:A:G,chr4:61747134:T:C,chr4:84325126:A:T,chr4:98242787:T:C,chr5:141804963:G:A,chr6:19456243:A:G,chr7:38503468:G:A,chr8:64897979:T:G,chr1:102805371:C:G,chr2:61800864:C:T,chr2:146032136:C:A,chr21:38506738:C:T,chr20:63016112:G:A,chr5:5402050:G:A,chr9:1356772:C:T,chr15:29888525:C:T,chr10:17088694:A:G,chr10:30442217:G:A,chr11:57827840:C:T,chr11:69991458:C:T,chr11:130916403:G:A,chr12:115976680:G:A,chr12:116171973:C:G,chr13:20336763:A:G,chr13:87260804:T:C,chr13:108923460:C:T,chr15:93766676:T:G,chr20:63654681:G:A,chr21:34334987:A:G	41724362	1.0	3:108756818,4:61747134,4:84325126,4:98242787,5:141804963,6:19456243,7:38503468,8:64897979,1:102805371,2:61800864,2:146032136,21:38506738,20:63016112,5:5402050,9:1356772,15:29888525,10:17088694,10:30442217,11:57827840,11:69991458,11:130916403,12:115976680,12:116171973,13:20336763,13:87260804,13:108923460,15:93766676,20:63654681,21:34334987	study046	results/GCST90633790/GCST90633790.log
(41724362, 'Type 1 diabetes', '3,109 European ancestry female cases, 5,658 European ancestry female controls')	Type 1 diabetes	EUR	8767	http://ftp.ebi.ac.uk/pub/databases/gwas/summary_statistics/GCST90633001-GCST90634000/GCST90633789	GCST90633789	chr10:75361715,chr18:7284712,chr19:58382664,chr9:11521329,chr13:90797521,chr22:35965233,chr22:35858594,chr1:104267271,chr2:54641558,chr2:58883695,chr3:192607737,chr9:11347880,chr9:11662887	41724362	0.9230769230769232	10:75361715,18:7284712,19:58382664,9:11521329,13:90797521,22:35965233,22:35858594,1:104267271,2:54641558,2:58883695,3:192607737,9:11347880,9:11662887	study047	results/GCST90633789/GCST90633789.log
(33204752, 'Anti-chlamydia trachomatis IgG seropositivity', '8,735 White British ancestry individuals')	Anti-chlamydia trachomatis IgG seropositivity	EUR	8735	http://ftp.ebi.ac.uk/pub/databases/gwas/summary_statistics/GCST90006001-GCST90007000/GCST90006886	GCST90006886	rs143335233	33204752	1.0	2:105679190	study048	results/GCST90006886/GCST90006886.log
(33204752, 'Anti-Epstein-Barr virus IgG seropositivity', '8,735 White British ancestry individuals')	Anti-Epstein-Barr virus IgG seropositivity	EUR	8735	http://ftp.ebi.ac.uk/pub/databases/gwas/summary_statistics/GCST90006001-GCST90007000/GCST90006897	GCST90006897	rs71437272	33204752	1.0	13:114117249	study049	results/GCST90006897/GCST90006897.log
(33204752, 'Anti-herpes simplex virus 2 IgG seropositivity', '8,735 White British ancestry individuals')	Anti-herpes simplex virus 2 IgG seropositivity	EUR	8735	http://ftp.ebi.ac.uk/pub/databases/gwas/summary_statistics/GCST90006001-GCST90007000/GCST90006919	GCST90006919	rs538162817,rs7503464	33204752	0.5	3:141840079,17:3804740	study050	results/GCST90006919/GCST90006919.log
(31379025, 'Asthma (time to childhood onset) x early life tobacco smoke interaction', '3,187 European ancestry exposed individuals, 5,086 European ancestry unexposed individuals')	Asthma (time to childhood onset) x early life tobacco smoke interaction	EUR	8273	http://ftp.ebi.ac.uk/pub/databases/gwas/summary_statistics/GCST009001-GCST010000/GCST009238	GCST009238	rs7334050	31379025	1.0	13:70071740	study051	results/GCST009238/GCST009238.log
(39364016, 'Severe COVID-19 infection (severe vs non-severe)', '724 Eastern European ancestry cases, 6,400 Eastern European ancestry controls')	Severe COVID-19 infection (severe vs non-severe)	EUR	7124	http://ftp.ebi.ac.uk/pub/databases/gwas/summary_statistics/GCST90444001-GCST90445000/GCST90444397	GCST90444397	rs35624553	39364016	1.0	3:45825948	study052	results/GCST90444397/GCST90444397.log
(33692975, 'Kawasaki disease', '119 European ancestry cases, 6,071 European ancestry controls')	Kawasaki disease	EUR	6190	http://ftp.ebi.ac.uk/pub/databases/gwas/summary_statistics/GCST90014001-GCST90015000/GCST90014243	GCST90014243	rs12037447,rs146732504	33692975	0.5	1:208432248,6:168034024	study053	results/GCST90014243/GCST90014243.log
(40323663, 'eGFR in type 1 diabetes kidney disease cases (minimal adjustment)', '4,608 European ancestry individuals')	eGFR in type 1 diabetes kidney disease cases (minimal adjustment)	EUR	4608	http://ftp.ebi.ac.uk/pub/databases/gwas/summary_statistics/GCST90624001-GCST90625000/GCST90624785	GCST90624785	rs11032245	40323663	1.0	11:33371798	study054	results/GCST90624785/GCST90624785.log
(32558485, 'Severe COVID-19 infection with respiratory failure (analysis I)', '1,610 European ancestry cases, 2,205 European ancestry controls')	Severe COVID-19 infection with respiratory failure (analysis I)	EUR	3815	http://ftp.ebi.ac.uk/pub/databases/gwas/summary_statistics/GCST90000001-GCST90001000/GCST90000255	GCST90000255	rs11385942	32558485	1.0	3:45834968	study055	results/GCST90000255/GCST90000255.log
(32558485, 'Severe COVID-19 infection with respiratory failure (analysis II)', '1,610 European ancestry cases, 2,180 European ancestry controls')	Severe COVID-19 infection with respiratory failure (analysis II)	EUR	3790	http://ftp.ebi.ac.uk/pub/databases/gwas/summary_statistics/GCST90000001-GCST90001000/GCST90000256	GCST90000256	rs11385942	32558485	1.0	3:45834968	study056	results/GCST90000256/GCST90000256.log
(35074870, 'Early-onset myasthenia gravis', '595 European ancestry cases, 2,718 European ancestry controls')	Early-onset myasthenia gravis	EUR	3313	http://ftp.ebi.ac.uk/pub/databases/gwas/summary_statistics/GCST90093001-GCST90094000/GCST90093465	GCST90093465	rs73007767	35074870	1.0	11:116158033	study057	results/GCST90093465/GCST90093465.log
"(28067912, ""Poor prognosis in Crohn's disease"", '1,762 Northern European ancestry poor prognosis cases, 972 Northern European ancestry good prognosis controls.')"	Poor prognosis in Crohn's disease	EUR	2734	http://ftp.ebi.ac.uk/pub/databases/gwas/summary_statistics/GCST004001-GCST005000/GCST004053	GCST004053	rs5929166,rs147856773,rs75764599	28067912	0.6666666666666666	X:113634280,6:108666025,7:45859651	study058	results/GCST004053/GCST004053.log
(40222985, 'Severity of itching at injection site at the injection site after COVID-19 booster vaccination', '2,503 Japanese ancestry individuals')	Severity of itching at injection site at the injection site after COVID-19 booster vaccination	EAS	2503	http://ftp.ebi.ac.uk/pub/databases/gwas/summary_statistics/GCST90454001-GCST90455000/GCST90454407	GCST90454407	rs555348442	40222985	1.0	16:82239226	study059	results/GCST90454407/GCST90454407.log
(40222985, 'Severity of swelling of lymph nodes at the injection site after COVID-19 booster vaccination', '2,459 Japanese ancestry individuals')	Severity of swelling of lymph nodes at the injection site after COVID-19 booster vaccination	EAS	2459	http://ftp.ebi.ac.uk/pub/databases/gwas/summary_statistics/GCST90454001-GCST90455000/GCST90454401	GCST90454401	rs76152249,rs67334974,rs200657704	40222985	1.0	2:102369897,2:11721441,14:75423460	study060	results/GCST90454401/GCST90454401.log
(40222985, 'Severity of induration at injection site at the injection site after COVID-19 booster vaccination', '2,213 Japanese ancestry individuals')	Severity of induration at injection site at the injection site after COVID-19 booster vaccination	EAS	2213	http://ftp.ebi.ac.uk/pub/databases/gwas/summary_statistics/GCST90454001-GCST90455000/GCST90454409	GCST90454409	rs12956144	40222985	1.0	18:8004326	study061	results/GCST90454409/GCST90454409.log
(29594489, 'Clostridium difficile infection in multiple myeloma', '57 European ancestry cases, 589 European ancestry controls')	Clostridium difficile infection in multiple myeloma	EUR	646	http://ftp.ebi.ac.uk/pub/databases/gwas/summary_statistics/GCST005001-GCST006000/GCST005686	GCST005686	rs1875968,chr13:51471313	29594489	0.5	5:175054011,13:51471313	study062	results/GCST005686/GCST005686.log
(33772158, 'Coronary artery aneurysm in Kawasaki disease', '200 European ancestry cases, 276 European ancestry controls')	Coronary artery aneurysm in Kawasaki disease	EUR	476	http://ftp.ebi.ac.uk/pub/databases/gwas/summary_statistics/GCST90013001-GCST90014000/GCST90013538	GCST90013538	rs6017006	33772158	1.0	20:43305980	study063	results/GCST90013538/GCST90013538.log
(35910207, 'COVID-19 related pneumonia', '128 European ancestry individuals')	COVID-19 related pneumonia	EUR	128	http://ftp.ebi.ac.uk/pub/databases/gwas/summary_statistics/GCST90104001-GCST90105000/GCST90104347	GCST90104347	rs61964606	35910207	1.0	13:70189032	study064	results/GCST90104347/GCST90104347.log
(28067908, 'Inflammatory bowel disease', '25,042 European and unknown ancestry cases, 34,915 European and unknown ancestry controls')	Inflammatory bowel disease	EUR	59957	http://ftp.ebi.ac.uk/pub/databases/gwas/summary_statistics/GCST004001-GCST005000/GCST004131	GCST004131	rs6740847,rs76527535,rs2593855,rs503734,rs67289879,rs11768365,rs149169037,rs243505,rs111456533,rs11548656,rs4256018,rs4845604,rs11581607,rs11742570,rs2066844,rs56167332,rs10761659,rs10781499,rs4409764,rs3197999,rs11236797,rs3024505,rs2836878,rs2823286,rs75900472,rs7608910,rs6752107,rs2188962,rs12946510,rs6062496,rs2413583,rs7282490,rs11614178,rs7554511,rs17293632,rs6426833,rs6017342,rs12942547,rs2024092,rs80262450,rs4380874,rs148319899,rs11741861,rs2266959,rs12568930,rs4676408,rs1819333,rs56116661,rs1847472,rs653178,rs11195128,rs259964,rs4976646,rs17656349,rs10495903,rs2284553,rs7517810,rs9297145,rs6920220,rs4656958,rs11221332,rs3764147,rs5763767,rs7240004,rs1801274,rs7746082,rs3766606,rs17694108,rs3091316,rs78534766,rs28449958,rs921720,rs1042058,rs1250550,rs34779708,rs11879191,rs16940202,rs8005161,rs17780256,rs2488397,rs13001325,rs1456896,rs925255,rs17119,rs1363907,rs3851228,rs395157,rs6863411,rs17085007,rs59043219	28067908		2:181443625,2:241545286,3:71126344,3:101304904,6:42039665,7:6505557,7:20537675,7:148738247,10:124750812,16:81883307,20:6113242,1:151829204,1:67242007,5:40410482,16:50712015,5:159400761,10:62685804,9:136371953,10:99524480,3:49684099,11:76588605,1:206766559,21:39093608,21:15445619,9:4981601,2:60977721,2:233252802,5:132435113,17:39756124,20:63697746,22:39263768,21:44195858,12:68114342,1:200908434,15:67150258,1:19845367,20:44436388,17:42375526,19:1124032,18:12818923,7:107839870,12:40346421,5:150898347,22:21568615,1:22375738,2:240634984,6:166960059,3:188683372,6:90263440,12:111569952,10:110426390,20:59249254,5:177361569,5:150226431,2:43579779,21:33404389,1:172884320,7:99161494,6:137685367,1:160887174,11:128511079,13:43883789,22:30097893,18:48868651,1:161509955,6:105987394,1:7962137,19:33240645,17:34266955,16:50301163,16:28517460,8:125522429,10:30439172,10:79300560,10:35177257,19:10402235,16:85980635,14:88006251,17:72646784,1:197732149,2:102322576,7:50264865,2:28391927,6:14719265,5:96917099,6:111526988,5:38867630,5:142133639,13:26957130,1:209797265	study065	results/GCST004131/GCST004131.log
(42062540, 'Type 1 diabetes', '20,355 European ancestry cases, 797,363 European ancestry controls')	Type 1 diabetes	EUR	817718	http://ftp.ebi.ac.uk/pub/databases/gwas/summary_statistics/GCST90824001-GCST90825000/GCST90824163	GCST90824163	chr4:165654287,chr4:174112312,chr4:26121697,chr5:111230662,chr5:132431071,chr5:35895623,chr6:137844607,chr6:12059330,chr6:90267049,chr6:126449997,chr6:409119,chr7:117446559,chr7:20346715,chr7:26865151,chr7:50269215,chr7:50950795,chr8:119075539,chr8:127955573,chr8:140608623,chr8:58959618,chr9:133060938,chr9:4283137,chr1:198629259,chr1:192541882,chr1:200863456,chr1:206770623,chr1:212679490,chr1:24968387,chr1:35571621,chr1:37880724,chr1:63648218,chr1:113834946,chr1:119962909,chr2:60406328,chr2:100147625,chr2:12505985,chr2:162254026,chr2:191089138,chr2:203874196,chr2:241338592,chr2:24916498,chr2:97917602,chr4:10717222,chr4:122497180,chr4:153465165,chr10:128588647,chr10:6055320,chr10:70618733,chr10:71749034,chr10:79287626,chr10:8064496,chr10:88291560,chr11:76580110,chr11:64340263,chr11:60960006,chr11:128734279,chr11:122727387,chr11:116922515,chr11:2160994,chr12:111569952,chr12:53193684,chr12:56051582,chr12:8976495,chr13:99427579,chr13:42343724,chr14:100835645,chr14:68792124,chr22:37185445,chr14:98019683,chr15:38573120,chr15:78942128,chr16:11083196,chr16:20331769,chr16:28495107,chr16:75202865,chr16:80250127,chr17:7331997,chr17:45399441,chr17:47951723,chr17:39906691,chr17:4397731,chr18:69859408,chr18:12777326,chr19:18522945,chr19:10352442,chr19:46715865,chr19:48703417,chr20:1629416,chr21:42403617,chr22:30171918	42062540		4:165654287,4:174112312,4:26121697,5:111230662,5:132431071,5:35895623,6:137844607,6:12059330,6:90267049,6:126449997,6:409119,7:117446559,7:20346715,7:26865151,7:50269215,7:50950795,8:119075539,8:127955573,8:140608623,8:58959618,9:133060938,9:4283137,1:198629259,1:192541882,1:200863456,1:206770623,1:212679490,1:24968387,1:35571621,1:37880724,1:63648218,1:113834946,1:119962909,2:60406328,2:100147625,2:12505985,2:162254026,2:191089138,2:203874196,2:241338592,2:24916498,2:97917602,4:10717222,4:122497180,4:153465165,10:128588647,10:6055320,10:70618733,10:71749034,10:79287626,10:8064496,10:88291560,11:76580110,11:64340263,11:60960006,11:128734279,11:122727387,11:116922515,11:2160994,12:111569952,12:53193684,12:56051582,12:8976495,13:99427579,13:42343724,14:100835645,14:68792124,22:37185445,14:98019683,15:38573120,15:78942128,16:11083196,16:20331769,16:28495107,16:75202865,16:80250127,17:7331997,17:45399441,17:47951723,17:39906691,17:4397731,18:69859408,18:12777326,19:18522945,19:10352442,19:46715865,19:48703417,20:1629416,21:42403617,22:30171918	study066	results/GCST90824163/GCST90824163.log
